WAHJ PARFUMS — MASTER DASHBOARD (morning check),
"This tab reads every other tab automatically — nothing to type here. Start your day here, then drill into the tab you need. Tab order matches WAHJ's own dashboard system: Master, Daily Log, Stock, Production, Ads, Delivery, P&L, Customers, Weekly KPI, Catalog.",
,
TODAY,
Date,2026-09-26
STOCK ALERTS,
Parfums needing REORDER NOW or first order,7
Parfums in maceration,3
PRODUCTION,
Batches currently macerating,0
Batches ready to move to stock,3
THIS MONTH SO FAR,
Local profit (Daily Log),0.00
Online profit (Daily Log),0.00
Net profit (P&L tab),0.00
ADS,
Overall ROAS logged,
,
,
THE GOLDEN RULES BUILT INTO THIS WORKBOOK,
"1. Local = singles & 2-packs, no delivery, 73.9% margin.",
"2. Online = packs only, always with 35 DH delivery.",
3. Never advertise single bottles — ads are for packs only.,
"4. Never let Class A stock run out — reorder at 8 bottles left, no negotiating.",
5. Budget 35 DH delivery into every online order.,
6. Budget 15% returns on online orders.,
7. Drop Class C parfums after 2 bad months; replace with what customers ask for.,
"8. Make batches based on real sales data, not guesses.",
9. Track Local and Online channels separately — different margins.,
"10. Maceration is not optional — 14 days minimum, plan 3 weeks ahead.",
11. Sellable stock ≠ total stock — macerating bottles don't count.,
"12. 50ml is a promo tool, not a standalone product — pack upgrade only (249 DH+).",