name,brand,gender,abc_class,oil_cost,bottles_per_batch,local_single_price,local_duo_price
Sauvage,Dior,men,A,110,16,49,89
Bleu de Chanel,Chanel,men,A,118,16,49,89
Khamrah,Lattafa,unisex,A,112,16,49,89
Baccarat Rouge 540,MFK,women,A,165,16,59,109
La Vie Est Belle,Lancôme,women,A,118,16,49,89
Yara,Lattafa,women,A,108,16,49,89
Asad,Lattafa,men,A,112,16,49,89
Invictus,Paco Rabanne,men,A,110,16,49,89
Oud Wood,Tom Ford,unisex,B,155,16,59,109
Erba Pura,Xerjoff,unisex,B,132,16,49,89
Le Male,Jean Paul Gaultier,men,B,110,16,49,89
Good Girl,Carolina Herrera,women,B,120,16,49,89
Libre,YSL,women,B,118,16,49,89
1 Million,Paco Rabanne,men,B,110,16,49,89
Ombre Nomade,Louis Vuitton,unisex,B,175,16,59,109
Angel's Share,Kilian,unisex,B,140,16,59,109
Hawas,Rasasi,men,B,105,16,49,89
Hacivat,Nishane,unisex,C,145,16,59,109
Amber Oud Gold,Al Haramain,unisex,C,128,16,49,89
Eros,Versace,men,C,108,16,49,89
Luna Rossa,Prada,men,C,108,16,49,89
Shalimar,Guerlain,women,C,138,16,49,89
Sì,Giorgio Armani,women,C,118,16,49,89
Aventus,Creed,men,C,168,16,59,109
Lost Cherry,Tom Ford,women,C,158,16,59,109
9PM,Afnan,men,C,104,16,49,89
Midnight Oud,Ard Al Zaafaran,unisex,C,122,16,49,89
