perfume,production_date,bottles,status,ready_date,bottles_remaining,batch
Shalimar,2026-09-26,16,MACERATING,2026-10-10,16,B1330
Baccarat Rouge 540,2026-09-25,16,MACERATING,2026-10-09,16,B1090
La Vie Est Belle,2026-09-23,16,MACERATING,2026-10-07,16,B1111
Asad,2026-09-23,16,MACERATING,2026-10-07,16,B1158
Yara,2026-09-20,16,MACERATING,2026-10-04,16,B1136
Hawas,2026-09-20,16,MACERATING,2026-10-04,16,B1285
Amber Oud Gold,2026-09-19,8,MACERATING,2026-10-03,8,B1302
9PM,2026-09-18,8,MACERATING,2026-10-02,8,B1362
Sauvage,2026-09-13,16,MACERATING,2026-09-27,16,B1022
Eros,2026-09-12,16,READY,2026-09-26,16,B1315
Khamrah,2026-09-11,16,IN_STOCK,2026-09-25,15,B1068
Invictus,2026-09-10,16,IN_STOCK,2026-09-24,12,B1174
Erba Pura,2026-09-08,16,IN_STOCK,2026-09-22,15,B1200
Bleu de Chanel,2026-09-07,16,IN_STOCK,2026-09-21,12,B1043
Oud Wood,2026-09-06,16,IN_STOCK,2026-09-20,15,B1188
La Vie Est Belle,2026-09-04,16,IN_STOCK,2026-09-18,6,B1110
Sì,2026-09-02,16,IN_STOCK,2026-09-16,12,B1341
Yara,2026-08-31,16,DEPLETED,2026-09-14,0,B1135
Asad,2026-08-30,16,IN_STOCK,2026-09-13,5,B1157
Midnight Oud,2026-08-30,16,IN_STOCK,2026-09-13,14,B1376
Baccarat Rouge 540,2026-08-29,16,IN_STOCK,2026-09-12,5,B1089
Libre,2026-08-29,16,IN_STOCK,2026-09-12,9,B1238
1 Million,2026-08-29,16,IN_STOCK,2026-09-12,12,B1249
Shalimar,2026-08-29,8,IN_STOCK,2026-09-12,3,B1329
Ombre Nomade,2026-08-27,16,IN_STOCK,2026-09-10,12,B1261
Hawas,2026-08-27,16,DEPLETED,2026-09-10,0,B1284
Sauvage,2026-08-25,16,DEPLETED,2026-09-08,0,B1021
Aventus,2026-08-25,16,IN_STOCK,2026-09-08,12,B1347
Khamrah,2026-08-23,16,DEPLETED,2026-09-06,0,B1067
Good Girl,2026-08-22,16,IN_STOCK,2026-09-05,5,B1225
Eros,2026-08-20,8,DEPLETED,2026-09-03,0,B1314
Le Male,2026-08-19,16,IN_STOCK,2026-09-02,13,B1212
Bleu de Chanel,2026-08-18,16,DEPLETED,2026-09-01,0,B1042
Sì,2026-08-15,8,DEPLETED,2026-08-29,0,B1340
La Vie Est Belle,2026-08-14,16,DEPLETED,2026-08-28,0,B1109
Yara,2026-08-11,16,DEPLETED,2026-08-25,0,B1134
Baccarat Rouge 540,2026-08-10,16,DEPLETED,2026-08-24,0,B1088
Angel's Share,2026-08-07,16,IN_STOCK,2026-08-21,6,B1271
Erba Pura,2026-08-05,16,DEPLETED,2026-08-19,0,B1199
Oud Wood,2026-08-04,16,DEPLETED,2026-08-18,0,B1187
Invictus,2026-08-03,16,DEPLETED,2026-08-17,0,B1173
Sauvage,2026-08-02,16,DEPLETED,2026-08-16,0,B1020
Bleu de Chanel,2026-08-01,16,DEPLETED,2026-08-15,0,B1041
Amber Oud Gold,2026-08-01,16,DEPLETED,2026-08-15,0,B1301
Libre,2026-07-31,16,DEPLETED,2026-08-14,0,B1237
Khamrah,2026-07-30,16,DEPLETED,2026-08-13,0,B1066
Asad,2026-07-30,16,DEPLETED,2026-08-13,0,B1156
Hawas,2026-07-29,16,DEPLETED,2026-08-12,0,B1283
Lost Cherry,2026-07-26,16,IN_STOCK,2026-08-09,15,B1349
La Vie Est Belle,2026-07-24,16,DEPLETED,2026-08-07,0,B1108
Yara,2026-07-24,16,DEPLETED,2026-08-07,0,B1133
Good Girl,2026-07-24,16,DEPLETED,2026-08-07,0,B1224
1 Million,2026-07-21,16,DEPLETED,2026-08-04,0,B1248
9PM,2026-07-21,16,DEPLETED,2026-08-04,0,B1361
Eros,2026-07-18,16,DEPLETED,2026-08-01,0,B1313
Baccarat Rouge 540,2026-07-16,16,DEPLETED,2026-07-30,0,B1087
Aventus,2026-07-16,16,DEPLETED,2026-07-30,0,B1346
Midnight Oud,2026-07-16,16,DEPLETED,2026-07-30,0,B1375
Sauvage,2026-07-12,16,DEPLETED,2026-07-26,0,B1019
Le Male,2026-07-12,16,DEPLETED,2026-07-26,0,B1211
Sì,2026-07-12,16,DEPLETED,2026-07-26,0,B1339
Luna Rossa,2026-07-10,16,IN_STOCK,2026-07-24,9,B1319
Khamrah,2026-07-07,16,DEPLETED,2026-07-21,0,B1065
Ombre Nomade,2026-07-07,16,DEPLETED,2026-07-21,0,B1260
Bleu de Chanel,2026-07-04,16,DEPLETED,2026-07-18,0,B1040
Oud Wood,2026-07-04,16,DEPLETED,2026-07-18,0,B1186
Asad,2026-07-03,16,DEPLETED,2026-07-17,0,B1155
Invictus,2026-07-02,16,DEPLETED,2026-07-16,0,B1172
Angel's Share,2026-06-29,16,DEPLETED,2026-07-13,0,B1270
Yara,2026-06-28,16,DEPLETED,2026-07-12,0,B1132
Libre,2026-06-27,16,DEPLETED,2026-07-11,0,B1236
Shalimar,2026-06-27,16,DEPLETED,2026-07-11,0,B1328
Erba Pura,2026-06-26,16,DEPLETED,2026-07-10,0,B1198
Amber Oud Gold,2026-06-25,16,DEPLETED,2026-07-09,0,B1300
Eros,2026-06-24,8,DEPLETED,2026-07-08,0,B1312
La Vie Est Belle,2026-06-22,16,DEPLETED,2026-07-06,0,B1107
Sauvage,2026-06-20,16,DEPLETED,2026-07-04,0,B1018
Baccarat Rouge 540,2026-06-20,16,DEPLETED,2026-07-04,0,B1086
Good Girl,2026-06-19,16,DEPLETED,2026-07-03,0,B1223
Hawas,2026-06-15,16,DEPLETED,2026-06-29,0,B1282
Khamrah,2026-06-14,16,DEPLETED,2026-06-28,0,B1064
Asad,2026-06-12,16,DEPLETED,2026-06-26,0,B1154
Yara,2026-06-07,16,DEPLETED,2026-06-21,0,B1131
Invictus,2026-06-05,16,DEPLETED,2026-06-19,0,B1171
Aventus,2026-06-05,8,DEPLETED,2026-06-19,0,B1345
Ombre Nomade,2026-06-04,16,DEPLETED,2026-06-18,0,B1259
Midnight Oud,2026-06-04,16,DEPLETED,2026-06-18,0,B1374
Sauvage,2026-06-02,16,DEPLETED,2026-06-16,0,B1017
Bleu de Chanel,2026-06-02,16,DEPLETED,2026-06-16,0,B1039
9PM,2026-06-02,16,DEPLETED,2026-06-16,0,B1360
Oud Wood,2026-05-31,16,DEPLETED,2026-06-14,0,B1185
1 Million,2026-05-31,16,DEPLETED,2026-06-14,0,B1247
La Vie Est Belle,2026-05-29,16,DEPLETED,2026-06-12,0,B1106
Khamrah,2026-05-28,16,DEPLETED,2026-06-11,0,B1063
Baccarat Rouge 540,2026-05-28,16,DEPLETED,2026-06-11,0,B1085
Libre,2026-05-25,16,DEPLETED,2026-06-08,0,B1235
Amber Oud Gold,2026-05-24,16,DEPLETED,2026-06-07,0,B1299
Yara,2026-05-22,16,DEPLETED,2026-06-05,0,B1130
Le Male,2026-05-20,16,DEPLETED,2026-06-03,0,B1210
Good Girl,2026-05-17,16,DEPLETED,2026-05-31,0,B1222
Erba Pura,2026-05-16,16,DEPLETED,2026-05-30,0,B1197
Asad,2026-05-12,16,DEPLETED,2026-05-26,0,B1153
Angel's Share,2026-05-12,16,DEPLETED,2026-05-26,0,B1269
Sauvage,2026-05-11,16,DEPLETED,2026-05-25,0,B1016
Bleu de Chanel,2026-05-11,16,DEPLETED,2026-05-25,0,B1038
Khamrah,2026-05-11,16,DEPLETED,2026-05-25,0,B1062
Hawas,2026-05-11,16,DEPLETED,2026-05-25,0,B1281
Sì,2026-05-11,16,DEPLETED,2026-05-25,0,B1338
9PM,2026-05-08,16,DEPLETED,2026-05-22,0,B1359
La Vie Est Belle,2026-05-07,16,DEPLETED,2026-05-21,0,B1105
Baccarat Rouge 540,2026-05-06,16,DEPLETED,2026-05-20,0,B1084
Lost Cherry,2026-05-02,16,DEPLETED,2026-05-16,0,B1348
Yara,2026-04-30,16,DEPLETED,2026-05-14,0,B1129
Amber Oud Gold,2026-04-29,16,DEPLETED,2026-05-13,0,B1298
Eros,2026-04-28,16,DEPLETED,2026-05-12,0,B1311
Shalimar,2026-04-27,16,DEPLETED,2026-05-11,0,B1327
Invictus,2026-04-26,16,DEPLETED,2026-05-10,0,B1170
Ombre Nomade,2026-04-26,16,DEPLETED,2026-05-10,0,B1258
Midnight Oud,2026-04-25,16,DEPLETED,2026-05-09,0,B1373
Oud Wood,2026-04-20,16,DEPLETED,2026-05-04,0,B1184
Khamrah,2026-04-19,16,DEPLETED,2026-05-03,0,B1061
Asad,2026-04-19,16,DEPLETED,2026-05-03,0,B1152
Libre,2026-04-17,16,DEPLETED,2026-05-01,0,B1234
Sauvage,2026-04-16,16,DEPLETED,2026-04-30,0,B1015
Bleu de Chanel,2026-04-16,16,DEPLETED,2026-04-30,0,B1037
La Vie Est Belle,2026-04-15,16,DEPLETED,2026-04-29,0,B1104
Baccarat Rouge 540,2026-04-10,16,DEPLETED,2026-04-24,0,B1083
Yara,2026-04-09,16,DEPLETED,2026-04-23,0,B1128
Hawas,2026-04-07,16,DEPLETED,2026-04-21,0,B1280
Eros,2026-04-05,8,DEPLETED,2026-04-19,0,B1310
Aventus,2026-04-03,16,DEPLETED,2026-04-17,0,B1344
1 Million,2026-03-31,16,DEPLETED,2026-04-14,0,B1246
Khamrah,2026-03-30,16,DEPLETED,2026-04-13,0,B1060
Invictus,2026-03-29,16,DEPLETED,2026-04-12,0,B1169
Shalimar,2026-03-29,8,DEPLETED,2026-04-12,0,B1326
Sauvage,2026-03-27,16,DEPLETED,2026-04-10,0,B1014
Le Male,2026-03-26,16,DEPLETED,2026-04-09,0,B1209
La Vie Est Belle,2026-03-24,16,DEPLETED,2026-04-07,0,B1103
Good Girl,2026-03-24,16,DEPLETED,2026-04-07,0,B1221
Asad,2026-03-23,16,DEPLETED,2026-04-06,0,B1151
Ombre Nomade,2026-03-22,16,DEPLETED,2026-04-05,0,B1257
Baccarat Rouge 540,2026-03-20,16,DEPLETED,2026-04-03,0,B1082
Amber Oud Gold,2026-03-19,8,DEPLETED,2026-04-02,0,B1297
Erba Pura,2026-03-18,16,DEPLETED,2026-04-01,0,B1196
Yara,2026-03-16,16,DEPLETED,2026-03-30,0,B1127
9PM,2026-03-15,16,DEPLETED,2026-03-29,0,B1358
Oud Wood,2026-03-13,16,DEPLETED,2026-03-27,0,B1183
Bleu de Chanel,2026-03-12,16,DEPLETED,2026-03-26,0,B1036
Khamrah,2026-03-11,16,DEPLETED,2026-03-25,0,B1059
Hacivat,2026-03-11,16,IN_STOCK,2026-03-25,8,B1288
Midnight Oud,2026-03-10,16,DEPLETED,2026-03-24,0,B1372
Angel's Share,2026-03-09,16,DEPLETED,2026-03-23,0,B1268
Hawas,2026-03-08,16,DEPLETED,2026-03-22,0,B1279
Sauvage,2026-03-06,16,DEPLETED,2026-03-20,0,B1013
Libre,2026-03-06,16,DEPLETED,2026-03-20,0,B1233
Asad,2026-03-03,16,DEPLETED,2026-03-17,0,B1150
Sì,2026-03-02,16,DEPLETED,2026-03-16,0,B1337
Baccarat Rouge 540,2026-03-01,16,DEPLETED,2026-03-15,0,B1081
Good Girl,2026-02-27,16,DEPLETED,2026-03-13,0,B1220
Yara,2026-02-25,16,DEPLETED,2026-03-11,0,B1126
La Vie Est Belle,2026-02-22,16,DEPLETED,2026-03-08,0,B1102
Invictus,2026-02-22,16,DEPLETED,2026-03-08,0,B1168
Bleu de Chanel,2026-02-21,16,DEPLETED,2026-03-07,0,B1035
Khamrah,2026-02-19,16,DEPLETED,2026-03-05,0,B1058
Amber Oud Gold,2026-02-19,16,DEPLETED,2026-03-05,0,B1296
Ombre Nomade,2026-02-17,16,DEPLETED,2026-03-03,0,B1256
Le Male,2026-02-16,16,DEPLETED,2026-03-02,0,B1208
Aventus,2026-02-15,16,DEPLETED,2026-03-01,0,B1343
9PM,2026-02-14,8,DEPLETED,2026-02-28,0,B1357
Sauvage,2026-02-12,16,DEPLETED,2026-02-26,0,B1012
1 Million,2026-02-12,16,DEPLETED,2026-02-26,0,B1245
Eros,2026-02-12,16,DEPLETED,2026-02-26,0,B1309
Erba Pura,2026-02-11,16,DEPLETED,2026-02-25,0,B1195
Asad,2026-02-10,16,DEPLETED,2026-02-24,0,B1149
Shalimar,2026-02-09,16,DEPLETED,2026-02-23,0,B1325
Baccarat Rouge 540,2026-02-08,16,DEPLETED,2026-02-22,0,B1080
Oud Wood,2026-02-06,16,DEPLETED,2026-02-20,0,B1182
Angel's Share,2026-02-06,16,DEPLETED,2026-02-20,0,B1267
Yara,2026-02-05,16,DEPLETED,2026-02-19,0,B1125
Khamrah,2026-02-01,16,DEPLETED,2026-02-15,0,B1057
Hawas,2026-02-01,16,DEPLETED,2026-02-15,0,B1278
Libre,2026-01-31,16,DEPLETED,2026-02-14,0,B1232
Midnight Oud,2026-01-27,16,DEPLETED,2026-02-10,0,B1371
Bleu de Chanel,2026-01-25,16,DEPLETED,2026-02-08,0,B1034
Good Girl,2026-01-24,16,DEPLETED,2026-02-07,0,B1219
Aventus,2026-01-24,8,DEPLETED,2026-02-07,0,B1342
Le Male,2026-01-21,16,DEPLETED,2026-02-04,0,B1207
Sauvage,2026-01-18,16,DEPLETED,2026-02-01,0,B1011
Baccarat Rouge 540,2026-01-17,16,DEPLETED,2026-01-31,0,B1079
Asad,2026-01-17,16,DEPLETED,2026-01-31,0,B1148
Khamrah,2026-01-11,16,DEPLETED,2026-01-25,0,B1056
La Vie Est Belle,2026-01-09,16,DEPLETED,2026-01-23,0,B1101
Yara,2026-01-07,16,DEPLETED,2026-01-21,0,B1124
Bleu de Chanel,2026-01-04,16,DEPLETED,2026-01-18,0,B1033
Invictus,2026-01-03,16,DEPLETED,2026-01-17,0,B1167
Ombre Nomade,2026-01-03,16,DEPLETED,2026-01-17,0,B1255
Erba Pura,2026-01-01,16,DEPLETED,2026-01-15,0,B1194
Sì,2025-12-29,16,DEPLETED,2026-01-12,0,B1336
Angel's Share,2025-12-28,16,DEPLETED,2026-01-11,0,B1266
Baccarat Rouge 540,2025-12-27,16,DEPLETED,2026-01-10,0,B1078
Libre,2025-12-27,16,DEPLETED,2026-01-10,0,B1231
Sauvage,2025-12-26,16,DEPLETED,2026-01-09,0,B1010
Midnight Oud,2025-12-26,8,DEPLETED,2026-01-09,0,B1370
Oud Wood,2025-12-25,16,DEPLETED,2026-01-08,0,B1181
Asad,2025-12-24,16,DEPLETED,2026-01-07,0,B1147
Amber Oud Gold,2025-12-21,16,DEPLETED,2026-01-04,0,B1295
9PM,2025-12-19,16,DEPLETED,2026-01-02,0,B1356
Khamrah,2025-12-18,16,DEPLETED,2026-01-01,0,B1055
1 Million,2025-12-18,16,DEPLETED,2026-01-01,0,B1244
Good Girl,2025-12-17,16,DEPLETED,2025-12-31,0,B1218
Hawas,2025-12-17,16,DEPLETED,2025-12-31,0,B1277
Eros,2025-12-17,16,DEPLETED,2025-12-31,0,B1308
Yara,2025-12-16,16,DEPLETED,2025-12-30,0,B1123
Bleu de Chanel,2025-12-13,16,DEPLETED,2025-12-27,0,B1032
La Vie Est Belle,2025-12-12,16,DEPLETED,2025-12-26,0,B1100
Le Male,2025-12-07,16,DEPLETED,2025-12-21,0,B1206
Midnight Oud,2025-12-06,8,DEPLETED,2025-12-20,0,B1369
Asad,2025-12-03,16,DEPLETED,2025-12-17,0,B1146
Shalimar,2025-11-28,16,DEPLETED,2025-12-12,0,B1324
Baccarat Rouge 540,2025-11-25,16,DEPLETED,2025-12-09,0,B1077
Yara,2025-11-25,16,DEPLETED,2025-12-09,0,B1122
Sì,2025-11-25,8,DEPLETED,2025-12-09,0,B1335
Khamrah,2025-11-23,16,DEPLETED,2025-12-07,0,B1054
Sauvage,2025-11-22,16,DEPLETED,2025-12-06,0,B1009
Libre,2025-11-20,16,DEPLETED,2025-12-04,0,B1230
Eros,2025-11-20,8,DEPLETED,2025-12-04,0,B1307
Invictus,2025-11-18,16,DEPLETED,2025-12-02,0,B1166
La Vie Est Belle,2025-11-17,16,DEPLETED,2025-12-01,0,B1099
Bleu de Chanel,2025-11-16,16,DEPLETED,2025-11-30,0,B1031
Erba Pura,2025-11-16,16,DEPLETED,2025-11-30,0,B1193
Asad,2025-11-11,16,DEPLETED,2025-11-25,0,B1145
Oud Wood,2025-11-04,16,DEPLETED,2025-11-18,0,B1180
Ombre Nomade,2025-11-04,16,DEPLETED,2025-11-18,0,B1254
Baccarat Rouge 540,2025-11-03,16,DEPLETED,2025-11-17,0,B1076
Yara,2025-11-03,16,DEPLETED,2025-11-17,0,B1121
Amber Oud Gold,2025-11-02,16,DEPLETED,2025-11-16,0,B1294
Midnight Oud,2025-11-01,8,DEPLETED,2025-11-15,0,B1368
9PM,2025-10-31,8,DEPLETED,2025-11-14,0,B1355
Khamrah,2025-10-30,16,DEPLETED,2025-11-13,0,B1053
Good Girl,2025-10-30,16,DEPLETED,2025-11-13,0,B1217
Angel's Share,2025-10-29,16,DEPLETED,2025-11-12,0,B1265
Hawas,2025-10-28,16,DEPLETED,2025-11-11,0,B1276
Shalimar,2025-10-28,8,DEPLETED,2025-11-11,0,B1323
Invictus,2025-10-25,16,DEPLETED,2025-11-08,0,B1165
Le Male,2025-10-25,16,DEPLETED,2025-11-08,0,B1205
La Vie Est Belle,2025-10-22,16,DEPLETED,2025-11-05,0,B1098
Bleu de Chanel,2025-10-15,16,DEPLETED,2025-10-29,0,B1030
Sauvage,2025-10-11,16,DEPLETED,2025-10-25,0,B1008
Baccarat Rouge 540,2025-10-11,16,DEPLETED,2025-10-25,0,B1075
1 Million,2025-10-07,16,DEPLETED,2025-10-21,0,B1243
Asad,2025-10-05,16,DEPLETED,2025-10-19,0,B1144
Erba Pura,2025-10-05,16,DEPLETED,2025-10-19,0,B1192
Khamrah,2025-10-03,16,DEPLETED,2025-10-17,0,B1052
Yara,2025-10-01,16,DEPLETED,2025-10-15,0,B1120
Libre,2025-10-01,16,DEPLETED,2025-10-15,0,B1229
Hacivat,2025-09-29,16,DEPLETED,2025-10-13,0,B1287
Luna Rossa,2025-09-29,16,DEPLETED,2025-10-13,0,B1318
Midnight Oud,2025-09-29,8,DEPLETED,2025-10-13,0,B1367
Oud Wood,2025-09-28,16,DEPLETED,2025-10-12,0,B1179
La Vie Est Belle,2025-09-27,16,DEPLETED,2025-10-11,0,B1097
Invictus,2025-09-21,16,DEPLETED,2025-10-05,0,B1164
Good Girl,2025-09-20,16,DEPLETED,2025-10-04,0,B1216
Sì,2025-09-15,16,DEPLETED,2025-09-29,0,B1334
Bleu de Chanel,2025-09-12,16,DEPLETED,2025-09-26,0,B1029
Baccarat Rouge 540,2025-09-10,16,DEPLETED,2025-09-24,0,B1074
Yara,2025-09-10,16,DEPLETED,2025-09-24,0,B1119
Asad,2025-09-09,16,DEPLETED,2025-09-23,0,B1143
Ombre Nomade,2025-09-09,16,DEPLETED,2025-09-23,0,B1253
Amber Oud Gold,2025-09-09,16,DEPLETED,2025-09-23,0,B1293
Hawas,2025-09-07,16,DEPLETED,2025-09-21,0,B1275
Khamrah,2025-09-06,16,DEPLETED,2025-09-20,0,B1051
Sauvage,2025-09-05,16,DEPLETED,2025-09-19,0,B1007
Le Male,2025-09-04,16,DEPLETED,2025-09-18,0,B1204
Eros,2025-09-04,16,DEPLETED,2025-09-18,0,B1306
Libre,2025-08-31,16,DEPLETED,2025-09-14,0,B1228
La Vie Est Belle,2025-08-29,16,DEPLETED,2025-09-12,0,B1096
1 Million,2025-08-27,16,DEPLETED,2025-09-10,0,B1242
Midnight Oud,2025-08-27,8,DEPLETED,2025-09-10,0,B1366
Angel's Share,2025-08-23,16,DEPLETED,2025-09-06,0,B1264
Khamrah,2025-08-16,16,DEPLETED,2025-08-30,0,B1050
Yara,2025-08-16,16,DEPLETED,2025-08-30,0,B1118
Baccarat Rouge 540,2025-08-11,16,DEPLETED,2025-08-25,0,B1073
Invictus,2025-08-09,16,DEPLETED,2025-08-23,0,B1163
Shalimar,2025-08-09,8,DEPLETED,2025-08-23,0,B1322
Bleu de Chanel,2025-08-08,16,DEPLETED,2025-08-22,0,B1028
Asad,2025-08-08,16,DEPLETED,2025-08-22,0,B1142
9PM,2025-08-06,16,DEPLETED,2025-08-20,0,B1354
Sauvage,2025-08-05,16,DEPLETED,2025-08-19,0,B1006
La Vie Est Belle,2025-08-03,16,DEPLETED,2025-08-17,0,B1095
Hacivat,2025-07-28,8,DEPLETED,2025-08-11,0,B1286
Amber Oud Gold,2025-07-28,16,DEPLETED,2025-08-11,0,B1292
Oud Wood,2025-07-26,16,DEPLETED,2025-08-09,0,B1178
Le Male,2025-07-22,16,DEPLETED,2025-08-05,0,B1203
Khamrah,2025-07-20,16,DEPLETED,2025-08-03,0,B1049
Yara,2025-07-20,16,DEPLETED,2025-08-03,0,B1117
Erba Pura,2025-07-16,16,DEPLETED,2025-07-30,0,B1191
Good Girl,2025-07-11,16,DEPLETED,2025-07-25,0,B1215
Sauvage,2025-07-10,16,DEPLETED,2025-07-24,0,B1005
Sì,2025-07-07,8,DEPLETED,2025-07-21,0,B1333
Bleu de Chanel,2025-07-06,16,DEPLETED,2025-07-20,0,B1027
Asad,2025-07-06,16,DEPLETED,2025-07-20,0,B1141
Ombre Nomade,2025-07-04,16,DEPLETED,2025-07-18,0,B1252
Khamrah,2025-06-29,16,DEPLETED,2025-07-13,0,B1048
Hawas,2025-06-29,16,DEPLETED,2025-07-13,0,B1274
Baccarat Rouge 540,2025-06-27,16,DEPLETED,2025-07-11,0,B1072
Yara,2025-06-24,16,DEPLETED,2025-07-08,0,B1116
9PM,2025-06-23,8,DEPLETED,2025-07-07,0,B1353
La Vie Est Belle,2025-06-21,16,DEPLETED,2025-07-05,0,B1094
Invictus,2025-06-20,16,DEPLETED,2025-07-04,0,B1162
Eros,2025-06-14,16,DEPLETED,2025-06-28,0,B1305
Midnight Oud,2025-06-14,16,DEPLETED,2025-06-28,0,B1365
Oud Wood,2025-06-13,16,DEPLETED,2025-06-27,0,B1177
Amber Oud Gold,2025-06-13,16,DEPLETED,2025-06-27,0,B1291
Asad,2025-06-11,16,DEPLETED,2025-06-25,0,B1140
Luna Rossa,2025-06-08,16,DEPLETED,2025-06-22,0,B1317
Sauvage,2025-06-05,16,DEPLETED,2025-06-19,0,B1004
Khamrah,2025-06-05,16,DEPLETED,2025-06-19,0,B1047
Yara,2025-06-04,16,DEPLETED,2025-06-18,0,B1115
1 Million,2025-06-04,16,DEPLETED,2025-06-18,0,B1241
Le Male,2025-06-03,16,DEPLETED,2025-06-17,0,B1202
Libre,2025-06-02,16,DEPLETED,2025-06-16,0,B1227
Bleu de Chanel,2025-05-31,16,DEPLETED,2025-06-14,0,B1026
Angel's Share,2025-05-23,16,DEPLETED,2025-06-06,0,B1263
Baccarat Rouge 540,2025-05-22,16,DEPLETED,2025-06-05,0,B1071
La Vie Est Belle,2025-05-21,16,DEPLETED,2025-06-04,0,B1093
Invictus,2025-05-20,16,DEPLETED,2025-06-03,0,B1161
Asad,2025-05-16,16,DEPLETED,2025-05-30,0,B1139
Ombre Nomade,2025-05-08,16,DEPLETED,2025-05-22,0,B1251
Khamrah,2025-05-05,16,DEPLETED,2025-05-19,0,B1046
9PM,2025-05-04,16,DEPLETED,2025-05-18,0,B1352
Sauvage,2025-05-03,16,DEPLETED,2025-05-17,0,B1003
Yara,2025-05-02,16,DEPLETED,2025-05-16,0,B1114
Bleu de Chanel,2025-04-30,16,DEPLETED,2025-05-14,0,B1025
Shalimar,2025-04-20,16,DEPLETED,2025-05-04,0,B1321
Amber Oud Gold,2025-04-19,16,DEPLETED,2025-05-03,0,B1290
1 Million,2025-04-18,16,DEPLETED,2025-05-02,0,B1240
Erba Pura,2025-04-16,16,DEPLETED,2025-04-30,0,B1190
Hawas,2025-04-16,16,DEPLETED,2025-04-30,0,B1273
Good Girl,2025-04-12,16,DEPLETED,2025-04-26,0,B1214
Sauvage,2025-04-11,16,DEPLETED,2025-04-25,0,B1002
Oud Wood,2025-04-10,16,DEPLETED,2025-04-24,0,B1176
Baccarat Rouge 540,2025-04-09,16,DEPLETED,2025-04-23,0,B1070
Khamrah,2025-04-07,16,DEPLETED,2025-04-21,0,B1045
Yara,2025-04-07,16,DEPLETED,2025-04-21,0,B1113
La Vie Est Belle,2025-04-05,16,DEPLETED,2025-04-19,0,B1092
Asad,2025-04-05,16,DEPLETED,2025-04-19,0,B1138
Sì,2025-04-04,16,DEPLETED,2025-04-18,0,B1332
Invictus,2025-04-03,16,DEPLETED,2025-04-17,0,B1160
Eros,2025-04-03,16,DEPLETED,2025-04-17,0,B1304
Bleu de Chanel,2025-04-01,16,DEPLETED,2025-04-15,0,B1024
9PM,2025-03-30,8,DEPLETED,2025-04-13,0,B1351
Midnight Oud,2025-03-30,8,DEPLETED,2025-04-13,0,B1364
Sauvage,2025-03-06,16,DEPLETED,2025-03-20,0,B1001
Bleu de Chanel,2025-03-06,16,DEPLETED,2025-03-20,0,B1023
Khamrah,2025-03-06,16,DEPLETED,2025-03-20,0,B1044
Baccarat Rouge 540,2025-03-06,16,DEPLETED,2025-03-20,0,B1069
La Vie Est Belle,2025-03-06,16,DEPLETED,2025-03-20,0,B1091
Yara,2025-03-06,16,DEPLETED,2025-03-20,0,B1112
Asad,2025-03-06,16,DEPLETED,2025-03-20,0,B1137
Invictus,2025-03-06,16,DEPLETED,2025-03-20,0,B1159
Oud Wood,2025-03-06,16,DEPLETED,2025-03-20,0,B1175
Erba Pura,2025-03-06,16,DEPLETED,2025-03-20,0,B1189
Le Male,2025-03-06,16,DEPLETED,2025-03-20,0,B1201
Good Girl,2025-03-06,16,DEPLETED,2025-03-20,0,B1213
Libre,2025-03-06,16,DEPLETED,2025-03-20,0,B1226
1 Million,2025-03-06,16,DEPLETED,2025-03-20,0,B1239
Ombre Nomade,2025-03-06,16,DEPLETED,2025-03-20,0,B1250
Angel's Share,2025-03-06,16,DEPLETED,2025-03-20,0,B1262
Hawas,2025-03-06,16,DEPLETED,2025-03-20,0,B1272
Amber Oud Gold,2025-03-06,8,DEPLETED,2025-03-20,0,B1289
Eros,2025-03-06,8,DEPLETED,2025-03-20,0,B1303
Luna Rossa,2025-03-06,8,DEPLETED,2025-03-20,0,B1316
Shalimar,2025-03-06,8,DEPLETED,2025-03-20,0,B1320
Sì,2025-03-06,8,DEPLETED,2025-03-20,0,B1331
9PM,2025-03-06,8,DEPLETED,2025-03-20,0,B1350
Midnight Oud,2025-03-06,8,DEPLETED,2025-03-20,0,B1363
